eq_id;methode;variable_predite;unite_sortie;essence_id;essence_nom;essence_code;region_validite;variable_entree;unite_entree;type_formule;formule_explicite;coeff_a;coeff_b;coeff_c;coeff_d;coeff_e;coeff_f;domaine_validite;remarques;source_reference;
vallet_vta_pab;Vallet;V_total_aerien;m^3;;Epicéa;PICEA_ABIES;France (Nord/Est et massifs);c130,htot;c130_cm, htot_m;VALLET_VTA_FF;"(1) form = (a+b*c130+c*((c130^(1/2))/htot))*(1+(d/c130^2); (2) VTA= form*(π/40000)*c130^2*htot";0,631;-0,000946;;;;;c130 ≥45 cm;"Modèle avec correction pour petits diamètres et facteur de forme ; volume total au-dessus du sol (branches incluses). Applicabilité est bonne pour les forêts de montagne denses en conifères. Peu d’arbres de petite taille on été inclus dans l’échantillon, donc prudence sur les petits diamètres.";Vallet P., Dhôte J.-F., Moguédec G.L., Ravart M. & Pignard G., 2006. Development of total aboveground volume equations for seven important forest tree species in France. Forest Ecology and Management 229(1–3), 98–110, DOI:10.1016/j.foreco.2006.03.013.;  
vallet_vta_qro;Vallet;V_total_aerien;m^3;;Chêne sessile;QUERCUS_ROBUR;France (Nord/Est et massifs);c130,htot;c130_cm, htot_m;VALLET_VTA_FF;"(1) form = (a+b*c130+c*((c130^(1/2))/htot))*(1+(d/c130^2); (2) VTA= form*(π/40000)*c130^2*htot";0,471;-0,000345;0,377;;;;c130 ≥45 cm;"Modèle avec correction pour petits diamètres et facteur de forme ; volume total au-dessus du sol (branches incluses). Les données incluent une bonne gamme de diamètres, mais légère sous-représentation des très petits arbres. Fourchette de validité centrée sur le domaine étudié (forêts du Nord/Est).";Vallet P., Dhôte J.-F., Moguédec G.L., Ravart M. & Pignard G., 2006. Development of total aboveground volume equations for seven important forest tree species in France. Forest Ecology and Management 229(1–3), 98–110, DOI:10.1016/j.foreco.2006.03.013.;  
vallet_vta_fsy;Vallet;V_total_aerien;m^3;;Hêtre;FAGUS_SYLVATICA;France (Nord/Est et massifs);c130,htot;c130_cm, htot_m;VALLET_VTA_FF;"(1) form = (a+b*c130+c*((c130^(1/2))/htot))*(1+(d/c130^2); (2) VTA= form*(π/40000)*c130^2*htot";0,395;0,000266;0,421;45,4;;;c130 ≥45 cm;"Modèle avec correction pour petits diamètres et facteur de forme ; volume total au-dessus du sol (branches incluses). Taille importante de l’échantillon avec bonne représentativité géographique. Le modèle capture bien la variation de forme et la relation dimensionnelle.";Vallet P., Dhôte J.-F., Moguédec G.L., Ravart M. & Pignard G., 2006. Development of total aboveground volume equations for seven important forest tree species in France. Forest Ecology and Management 229(1–3), 98–110, DOI:10.1016/j.foreco.2006.03.013.;  
vallet_vta_psy;Vallet;V_total_aerien;m^3;;Pin sylvestre;PINUS_SYLVESTRIS;France (Nord/Est et massifs);c130,htot;c130_cm, htot_m;VALLET_VTA_FF;"(1) form = (a+b*c130+c*((c130^(1/2))/htot))*(1+(d/c130^2); (2) VTA= form*(π/40000)*c130^2*htot";0,297;0,000318;0,384;204;;;c130 ≥45 cm;"Modèle avec correction pour petits diamètres et facteur de forme ; volume total au-dessus du sol (branches incluses). L’échantillon inclut beaucoup d’arbres, mais la morphologie varie fortement avec l’installation (plantation vs régénération naturelle). On note un grand étalement des tailles.";Vallet P., Dhôte J.-F., Moguédec G.L., Ravart M. & Pignard G., 2006. Development of total aboveground volume equations for seven important forest tree species in France. Forest Ecology and Management 229(1–3), 98–110, DOI:10.1016/j.foreco.2006.03.013.;  
vallet_vta_ppi;Vallet;V_total_aerien;m^3;;Pin maritime;PINUS_PINASTER;France (Nord/Est et massifs);c130,htot;c130_cm, htot_m;VALLET_VTA_FF;"(1) form = (a+b*c130+c*((c130^(1/2))/htot))*(1+(d/c130^2); (2) VTA= form*(π/40000)*c130^2*htot";0,235;0,00097;0,396;198,8;;;c130 ≥45 cm;"Modèle avec correction pour petits diamètres et facteur de forme ; volume total au-dessus du sol (branches incluses). Les peuplements inclus couvrent une gamme large de situations édaphiques et climatiques.";Vallet P., Dhôte J.-F., Moguédec G.L., Ravart M. & Pignard G., 2006. Development of total aboveground volume equations for seven important forest tree species in France. Forest Ecology and Management 229(1–3), 98–110, DOI:10.1016/j.foreco.2006.03.013.;  
vallet_vta_aal;Vallet;V_total_aerien;m^3;;Sapin blanc;ABIES_ALBA;France (Nord/Est et massifs);c130,htot;c130_cm, htot_m;VALLET_VTA_FF;"(1) form = (a+b*c130+c*((c130^(1/2))/htot))*(1+(d/c130^2); (2) VTA= form*(π/40000)*c130^2*htot";0,55;-0,000749;0,277;;;;c130 ≥45 cm;"Modèle avec correction pour petits diamètres et facteur de forme ; volume total au-dessus du sol (branches incluses). Population échantillonnée dans les massifs montagneux, modèle précis dans ce contexte régional.";Vallet P., Dhôte J.-F., Moguédec G.L., Ravart M. & Pignard G., 2006. Development of total aboveground volume equations for seven important forest tree species in France. Forest Ecology and Management 229(1–3), 98–110, DOI:10.1016/j.foreco.2006.03.013.;  
vallet_vta_pme;Vallet;V_total_aerien;m^3;;Douglas;PSEUDOTSUGA_MENZIESII;France (Nord/Est et massifs);c130,htot;c130_cm, htot_m;VALLET_VTA_FF;"(1) form = (a+b*c130+c*((c130^(1/2))/htot))*(1+(d/c130^2); (2) VTA= form*(π/40000)*c130^2*htot";0,534;-0,00053;;56,6;;;c130 ≥45 cm;"Modèle avec correction pour petits diamètres et facteur de forme ; volume total au-dessus du sol (branches incluses). Correction non obligatoire (paramètre d non-significatif), mais appliquée pour homogénéiser le traitement. Échantillon plus restreint avec majorité d’arbres de petit diamètre, ce qui demande prudence sur extrapolations.";Vallet P., Dhôte J.-F., Moguédec G.L., Ravart M. & Pignard G., 2006. Development of total aboveground volume equations for seven important forest tree species in France. Forest Ecology and Management 229(1–3), 98–110, DOI:10.1016/j.foreco.2006.03.013.;  
vallet_b_pab;Vallet;Biomasse;kg;;Epicéa;PICEA_ABIES;France (Nord/Est et massifs);vta,den;vta_m^3,den_kg.m^-3;VALLET_B_FF;B=vta*den;;;;;;;;;Vallet P., Dhôte J.-F., Moguédec G.L., Ravart M. & Pignard G., 2006. Development of total aboveground volume equations for seven important forest tree species in France. Forest Ecology and Management 229(1–3), 98–110, DOI:10.1016/j.foreco.2006.03.013.;  
vallet_b_qro;Vallet;Biomasse;kg;;Chêne sessile;QUERCUS_ROBUR;France (Nord/Est et massifs);vta,den;vta_m^3,den_kg.m^-4;VALLET_B_FF;B=vta*den;;;;;;;;;Vallet P., Dhôte J.-F., Moguédec G.L., Ravart M. & Pignard G., 2006. Development of total aboveground volume equations for seven important forest tree species in France. Forest Ecology and Management 229(1–3), 98–110, DOI:10.1016/j.foreco.2006.03.013.;  
vallet_b_fsy;Vallet;Biomasse;kg;;Hêtre;FAGUS_SYLVATICA;France (Nord/Est et massifs);vta,den;vta_m^3,den_kg.m^-5;VALLET_B_FF;B=vta*den;;;;;;;;;Vallet P., Dhôte J.-F., Moguédec G.L., Ravart M. & Pignard G., 2006. Development of total aboveground volume equations for seven important forest tree species in France. Forest Ecology and Management 229(1–3), 98–110, DOI:10.1016/j.foreco.2006.03.013.;  
vallet_b_psy;Vallet;Biomasse;kg;;Pin sylvestre;PINUS_SYLVESTRIS;France (Nord/Est et massifs);vta,den;vta_m^3,den_kg.m^-6;VALLET_B_FF;B=vta*den;;;;;;;;;Vallet P., Dhôte J.-F., Moguédec G.L., Ravart M. & Pignard G., 2006. Development of total aboveground volume equations for seven important forest tree species in France. Forest Ecology and Management 229(1–3), 98–110, DOI:10.1016/j.foreco.2006.03.013.;  
vallet_b_ppi;Vallet;Biomasse;kg;;Pin maritime;PINUS_PINASTER;France (Nord/Est et massifs);vta,den;vta_m^3,den_kg.m^-7;VALLET_B_FF;B=vta*den;;;;;;;;;Vallet P., Dhôte J.-F., Moguédec G.L., Ravart M. & Pignard G., 2006. Development of total aboveground volume equations for seven important forest tree species in France. Forest Ecology and Management 229(1–3), 98–110, DOI:10.1016/j.foreco.2006.03.013.;  
vallet_b_aal;Vallet;Biomasse;kg;;Sapin blanc;ABIES_ALBA;France (Nord/Est et massifs);vta,den;vta_m^3,den_kg.m^-8;VALLET_B_FF;B=vta*den;;;;;;;;;Vallet P., Dhôte J.-F., Moguédec G.L., Ravart M. & Pignard G., 2006. Development of total aboveground volume equations for seven important forest tree species in France. Forest Ecology and Management 229(1–3), 98–110, DOI:10.1016/j.foreco.2006.03.013.;  
vallet_b_pme;Vallet;Biomasse;kg;;Douglas;PSEUDOTSUGA_MENZIESII;France (Nord/Est et massifs);vta,den;vta_m^3,den_kg.m^-9;VALLET_B_FF;B=vta*den;;;;;;;;;Vallet P., Dhôte J.-F., Moguédec G.L., Ravart M. & Pignard G., 2006. Development of total aboveground volume equations for seven important forest tree species in France. Forest Ecology and Management 229(1–3), 98–110, DOI:10.1016/j.foreco.2006.03.013.;  
vallet_c_pab;Vallet;Carbone;kg;;Epicéa;PICEA_ABIES;France (Nord/Est et massifs);vta,den,car;vta_m^3,den_kg.m^-10;VALLET_C_FF;C=vta*den*car;;;;;;;;;Vallet P., Dhôte J.-F., Moguédec G.L., Ravart M. & Pignard G., 2006. Development of total aboveground volume equations for seven important forest tree species in France. Forest Ecology and Management 229(1–3), 98–110, DOI:10.1016/j.foreco.2006.03.013.;  
vallet_c_qro;Vallet;Carbone;kg;;Chêne sessile;QUERCUS_ROBUR;France (Nord/Est et massifs);vta,den,car;vta_m^3,den_kg.m^-11;VALLET_C_FF;C=vta*den*car;;;;;;;;;Vallet P., Dhôte J.-F., Moguédec G.L., Ravart M. & Pignard G., 2006. Development of total aboveground volume equations for seven important forest tree species in France. Forest Ecology and Management 229(1–3), 98–110, DOI:10.1016/j.foreco.2006.03.013.;  
vallet_c_fsy;Vallet;Carbone;kg;;Hêtre;FAGUS_SYLVATICA;France (Nord/Est et massifs);vta,den,car;vta_m^3,den_kg.m^-12;VALLET_C_FF;C=vta*den*car;;;;;;;;;Vallet P., Dhôte J.-F., Moguédec G.L., Ravart M. & Pignard G., 2006. Development of total aboveground volume equations for seven important forest tree species in France. Forest Ecology and Management 229(1–3), 98–110, DOI:10.1016/j.foreco.2006.03.013.;  
vallet_c_psy;Vallet;Carbone;kg;;Pin sylvestre;PINUS_SYLVESTRIS;France (Nord/Est et massifs);vta,den,car;vta_m^3,den_kg.m^-13;VALLET_C_FF;C=vta*den*car;;;;;;;;;Vallet P., Dhôte J.-F., Moguédec G.L., Ravart M. & Pignard G., 2006. Development of total aboveground volume equations for seven important forest tree species in France. Forest Ecology and Management 229(1–3), 98–110, DOI:10.1016/j.foreco.2006.03.013.;  
vallet_c_ppi;Vallet;Carbone;kg;;Pin maritime;PINUS_PINASTER;France (Nord/Est et massifs);vta,den,car;vta_m^3,den_kg.m^-14;VALLET_C_FF;C=vta*den*car;;;;;;;;;Vallet P., Dhôte J.-F., Moguédec G.L., Ravart M. & Pignard G., 2006. Development of total aboveground volume equations for seven important forest tree species in France. Forest Ecology and Management 229(1–3), 98–110, DOI:10.1016/j.foreco.2006.03.013.;  
vallet_c_aal;Vallet;Carbone;kg;;Sapin blanc;ABIES_ALBA;France (Nord/Est et massifs);vta,den,car;vta_m^3,den_kg.m^-15;VALLET_C_FF;C=vta*den*car;;;;;;;;;Vallet P., Dhôte J.-F., Moguédec G.L., Ravart M. & Pignard G., 2006. Development of total aboveground volume equations for seven important forest tree species in France. Forest Ecology and Management 229(1–3), 98–110, DOI:10.1016/j.foreco.2006.03.013.;  
vallet_c_pme;Vallet;Carbone;kg;;Douglas;PSEUDOTSUGA_MENZIESII;France (Nord/Est et massifs);vta,den,car;vta_m^3,den_kg.m^-16;VALLET_C_FF;C=vta*den*car;;;;;;;;;Vallet P., Dhôte J.-F., Moguédec G.L., Ravart M. & Pignard G., 2006. Development of total aboveground volume equations for seven important forest tree species in France. Forest Ecology and Management 229(1–3), 98–110, DOI:10.1016/j.foreco.2006.03.013.;  
vallet_vc22_qro;Vallet;V_C22;m^3;;Chêne sessile;QUERCUS_ROBUR;France  ;htot,dbh;htot_m,dbh_cm;VALLET_VC22;VC22= a*(htot/dbh)+((b+c*dbh)*((pi()*dbh^2*htot)/40));;0,5057;;;;;dbh ≥7,5 cm;;Aussenac R., Pérot T., Fortin M., de Coligny F., Monnet J.-M., & Vallet P., 2024. The Salem simulator version 2.0: a tool for predicting  the productivity of pure and mixed forest stands and  simulating management operations. Open Research Europe 61(1), DOI:https://doi.org/10.12688/openreseurope.13671.2.;  
vallet_vc22_qpe;Vallet;V_C22;m^3;;Chêne pédonculé;QUERCUS_PETRAEA;France  ;htot,dbh;htot_m,dbh_cm;VALLET_VC22;VC22= a*(htot/dbh)+((b+c*dbh)*((pi()*dbh^2*htot)/40));-4,438;0,5455;-0,0001397;;;;dbh ≥7,5 cm;;Aussenac R., Pérot T., Fortin M., de Coligny F., Monnet J.-M., & Vallet P., 2024. The Salem simulator version 2.0: a tool for predicting  the productivity of pure and mixed forest stands and  simulating management operations. Open Research Europe 61(1), DOI:https://doi.org/10.12688/openreseurope.13671.2.;  
vallet_vc22_qpu;Vallet;V_C22;m^3;;Chêne pubescent;QUERCUS_PUBESCENS;France  ;htot,dbh;htot_m,dbh_cm;VALLET_VC22;VC22= a*(htot/dbh)+((b+c*dbh)*((pi()*dbh^2*htot)/40));-3,319;0,5664;-0,0001778;;;;dbh ≥7,5 cm;;Aussenac R., Pérot T., Fortin M., de Coligny F., Monnet J.-M., & Vallet P., 2024. The Salem simulator version 2.0: a tool for predicting  the productivity of pure and mixed forest stands and  simulating management operations. Open Research Europe 61(1), DOI:https://doi.org/10.12688/openreseurope.13671.2.;  
vallet_vc22_fsy;Vallet;V_C22;m^3;;Hêtre;FAGUS_SYLVATICA;France  ;htot,dbh;htot_m,dbh_cm;VALLET_VC22;VC22= a*(htot/dbh)+((b+c*dbh)*((pi()*dbh^2*htot)/40));-4,498;0,5107;-0,0001332;;;;dbh ≥7,5 cm;;Aussenac R., Pérot T., Fortin M., de Coligny F., Monnet J.-M., & Vallet P., 2024. The Salem simulator version 2.0: a tool for predicting  the productivity of pure and mixed forest stands and  simulating management operations. Open Research Europe 61(1), DOI:https://doi.org/10.12688/openreseurope.13671.2.;  
vallet_vc22_ppi;Vallet;V_C22;m^3;;Pin maritime;PINUS_PINASTER;France  ;htot,dbh;htot_m,dbh_cm;VALLET_VC22;VC22= a*(htot/dbh)+((b+c*dbh)*((pi()*dbh^2*htot)/40));-1,712;0,513;-0,0001124;;;;dbh ≥7,5 cm;;Aussenac R., Pérot T., Fortin M., de Coligny F., Monnet J.-M., & Vallet P., 2024. The Salem simulator version 2.0: a tool for predicting  the productivity of pure and mixed forest stands and  simulating management operations. Open Research Europe 61(1), DOI:https://doi.org/10.12688/openreseurope.13671.2.;  
vallet_vc22_psy;Vallet;V_C22;m^3;;Pin sylvestre;PINUS_SYLVESTRIS;France  ;htot,dbh;htot_m,dbh_cm;VALLET_VC22;VC22= a*(htot/dbh)+((b+c*dbh)*((pi()*dbh^2*htot)/40));-2,247;0,4985;-0,0001212;;;;dbh ≥7,5 cm;;Aussenac R., Pérot T., Fortin M., de Coligny F., Monnet J.-M., & Vallet P., 2024. The Salem simulator version 2.0: a tool for predicting  the productivity of pure and mixed forest stands and  simulating management operations. Open Research Europe 61(1), DOI:https://doi.org/10.12688/openreseurope.13671.2.;  
vallet_vc22_pla;Vallet;V_C22;m^3;;Pin laricio de Corse;PINUS_LARICIO;France  ;htot,dbh;htot_m,dbh_cm;VALLET_VC22;VC22= a*(htot/dbh)+((b+c*dbh)*((pi()*dbh^2*htot)/40));;0,5215;-0,0001271;;;;dbh ≥7,5 cm;;Aussenac R., Pérot T., Fortin M., de Coligny F., Monnet J.-M., & Vallet P., 2024. The Salem simulator version 2.0: a tool for predicting  the productivity of pure and mixed forest stands and  simulating management operations. Open Research Europe 61(1), DOI:https://doi.org/10.12688/openreseurope.13671.2.;  
vallet_vc22_pni;Vallet;V_C22;m^3;;Pin noir;PINUS_NIGRA;France  ;htot,dbh;htot_m,dbh_cm;VALLET_VC22;VC22= a*(htot/dbh)+((b+c*dbh)*((pi()*dbh^2*htot)/40));-8,427;0,5857;-0,0002748;;;;dbh ≥7,5 cm;;Aussenac R., Pérot T., Fortin M., de Coligny F., Monnet J.-M., & Vallet P., 2024. The Salem simulator version 2.0: a tool for predicting  the productivity of pure and mixed forest stands and  simulating management operations. Open Research Europe 61(1), DOI:https://doi.org/10.12688/openreseurope.13671.2.;  
vallet_vc22_pha;Vallet;V_C22;m^3;;Pin d'Alep;PINUS_HALEPENSIS;France  ;htot,dbh;htot_m,dbh_cm;VALLET_VC22;VC22= a*(htot/dbh)+((b+c*dbh)*((pi()*dbh^2*htot)/40));;0,5258;-0,00023;;;;dbh ≥7,5 cm;;Aussenac R., Pérot T., Fortin M., de Coligny F., Monnet J.-M., & Vallet P., 2024. The Salem simulator version 2.0: a tool for predicting  the productivity of pure and mixed forest stands and  simulating management operations. Open Research Europe 61(1), DOI:https://doi.org/10.12688/openreseurope.13671.2.;  
vallet_vc22_pab;Vallet;V_C22;m^3;;Epicéa;PICEA_ABIES;France  ;htot,dbh;htot_m,dbh_cm;VALLET_VC22;VC22= a*(htot/dbh)+((b+c*dbh)*((pi()*dbh^2*htot)/40));-8,666;0,5839;-0,0002679;;;;dbh ≥7,5 cm;;Aussenac R., Pérot T., Fortin M., de Coligny F., Monnet J.-M., & Vallet P., 2024. The Salem simulator version 2.0: a tool for predicting  the productivity of pure and mixed forest stands and  simulating management operations. Open Research Europe 61(1), DOI:https://doi.org/10.12688/openreseurope.13671.2.;  
vallet_vc22_aal;Vallet;V_C22;m^3;;Sapin blanc;ABIES_ALBA;France  ;htot,dbh;htot_m,dbh_cm;VALLET_VC22;VC22= a*(htot/dbh)+((b+c*dbh)*((pi()*dbh^2*htot)/40));-4,523;0,6011;-0,0002243;;;;dbh ≥7,5 cm;;Aussenac R., Pérot T., Fortin M., de Coligny F., Monnet J.-M., & Vallet P., 2024. The Salem simulator version 2.0: a tool for predicting  the productivity of pure and mixed forest stands and  simulating management operations. Open Research Europe 61(1), DOI:https://doi.org/10.12688/openreseurope.13671.2.;  
vallet_vc22_pme;Vallet;V_C22;m^3;;Douglas;PSEUDOTSUGA_MENZIESII;France  ;htot,dbh;htot_m,dbh_cm;VALLET_VC22;VC22= a*(htot/dbh)+((b+c*dbh)*((pi()*dbh^2*htot)/40));-7,15;0,5431;-0,0002951;;;;dbh ≥7,5 cm;;Aussenac R., Pérot T., Fortin M., de Coligny F., Monnet J.-M., & Vallet P., 2024. The Salem simulator version 2.0: a tool for predicting  the productivity of pure and mixed forest stands and  simulating management operations. Open Research Europe 61(1), DOI:https://doi.org/10.12688/openreseurope.13671.2.;  
algan_vta_aal;Algan;V_total_aerien;m^3;;Sapin blanc;ABIES_ALBA;France;htot,dbh;htot_m,dbh_cm;ALGAN_VTA;VTA=a*dbh^2*htot;0,4;;;;;;;;Massenet J.-Y., 2006. Chapitre IV_: estimation du volume. Lycée forestier – Château de Mesnières – 76270 MESNIERES-EN-BRAY.;  
algan_vbo_aal;Algan;V_bois_oeuvre;m^3;;Sapin Blanc;ABIES_ALBA;France;htot,dbh;htot_m,dbh_cm;ALGAN_VBO;VBO=a*dbh^2*htot;0,33;;;;;;dbh ≥15 cm;;Massenet J.-Y., 2006. Chapitre IV_: estimation du volume. Lycée forestier – Château de Mesnières – 76270 MESNIERES-EN-BRAY.;  
algan_vbo_pab;Algan;V_bois_oeuvre;m^3;;Epicea;PICEA_ABIES;France;htot,dbh;htot_m,dbh_cm;ALGAN_VBO;VBO=a*dbh^2*htot;0,33;;;;;;dbh ≥15 cm;;Massenet J.-Y., 2006. Chapitre IV_: estimation du volume. Lycée forestier – Château de Mesnières – 76270 MESNIERES-EN-BRAY.;  
algan_vbo_agl;Algan;V_bois_oeuvre;m^3;;Aulne;ALNUS_GLUTINOSA;France;htot,dbh;htot_m,dbh_cm;ALGAN_VBO;VBO=a*dbh^2*htot;0,33;;;;;;;s'applique aux feuillus a_ houppier peu développé vo;Massenet J.-Y., 2006. Chapitre IV_: estimation du volume. Lycée forestier – Château de Mesnières – 76270 MESNIERES-EN-BRAY.;  
algan_vbo_pav;Algan;V_bois_oeuvre;m^3;;Merisier;PRUNUS_AVIUM;France;htot,dbh;htot_m,dbh_cm;ALGAN_VBO;VBO=a*dbh^2*htot;0,33;;;;;;;s'applique aux feuillus a_ houppier peu développé vo;Massenet J.-Y., 2006. Chapitre IV_: estimation du volume. Lycée forestier – Château de Mesnières – 76270 MESNIERES-EN-BRAY.;  
algan_vbo_bsp;Algan;V_bois_oeuvre;m^3;;Bouleau;BETULA_SP;France;htot,dbh;htot_m,dbh_cm;ALGAN_VBO;VBO=a*dbh^2*htot;0,33;;;;;;;s'applique aux feuillus a_ houppier peu développé vo;Massenet J.-Y., 2006. Chapitre IV_: estimation du volume. Lycée forestier – Château de Mesnières – 76270 MESNIERES-EN-BRAY.;  
bouvard_vta_qsp;BOUVARD;V_total_aerien;m^3;;Chêne;QUERCUS_SP;France;htot,dbh;htot_m,dbh_cm;BOUVARD_VTA;VTA=a*dbh^2*htot;0,5;;;;;;;s'applique aux che_nes de taillis-sous-futaie ;Massenet J.-Y., 2006. Chapitre IV_: estimation du volume. Lycée forestier – Château de Mesnières – 76270 MESNIERES-EN-BRAY.;  
rondeux_vtot_lsp;RONDEUX;V_total;m^3;;Mélèze;LARIX_SP;Wallonie;c130,htot;c130_cm, htot_m;RONDEUX_VTOT;VTOT=a*c130^2*htot;0;;;;;;c130≤70 cm;"Ils peuvent
être utilisés pour cuber précisément (sans biais) les bois de peuplements de mé-
lèze situés en Ardenne. Ils sont destinés non seulement à estimer plus concrète-
ment le volume des bois prélevés en première éclaircie";Pauwels D. & Rondeux J., 2002. Tarifs de cubage pour les petits bois de mélèze (Larix sp.) en Ardenne Belge 6026(25).;  
rondeux_vc22_lsp;RONDEUX;V_C22;m^3;;Mélèze;LARIX_SP;Wallonie;c130,htot;c130_cm, htot_m;RONDEUX_VTOT;VC22=a+b*c130^2*htot;-0,01;0;;;;;c130≤70 cm;"Ils peuvent
être utilisés pour cuber précisément (sans biais) les bois de peuplements de mé-
lèze situés en Ardenne. Ils sont destinés non seulement à estimer plus concrète-
ment le volume des bois prélevés en première éclaircie";Pauwels D. & Rondeux J., 2002. Tarifs de cubage pour les petits bois de mélèze (Larix sp.) en Ardenne Belge 6026(25).;  
biomasse_aerienne;CNIEFEB;biomasse aerienne;tMS;;coniferes;;France;Vc,FEB,di;Vc_m^3,di_tMS/m^3;;Ba=Vc*a*di;1,3;;;;;;;;;  
biomasse_aerienne;CNIEFEB;biomasse aerienne;tMS;;feuillus;;France;Vc,FEB,di;Vc_m^3,di_tMS/m^3;;Ba=Vc*b*di;1,56;;;;;;;;;  
biomasse_racinaire;CNIEFEB;biomasse racinaire;tMS;;tous;;France;Ba;Ba_tMS;;Br=exp(a+b*ln(Ba)+c;-1,0587;0,8836;0,284;;;;;;;  
biomasse_totale;CNIEFEB;biomasse totale;tMS;;tous;;France;Ba,Br;Ba_tMS,Br_tMS;;B=Ba+Br;;;;;;;;;;  
co2;CNIEFEB;stock de CO2;teqCO2;;tous;;France;Ba,Br;Ba_tMS,Br_tMS;;Sef=(Ba+Br)*a*b;0,475;3,666666667;;;;;;;;  
;;;;;;;;;;;;;;;;;;;;;
;;;;;;;;;;;;;;;;;;;;;  
;;;;;;;;;;;;;;;;;;;;;  
tarif_1_qsp;Dagnelie;V_C22;m^3;;Chêne;QUERCUS_SP;Wallonie;c130;c130_cm;TARIF_1;VC22=a+b*c130+c*c130^2+d*c130^3;0,19546*10^-1;-0,0029588;0,11074*10^-3;-3,7076E-08;;;c130 [36-298]cm;;Dagnelie P., Rondeux J. & Palm R., 2013. Cubage des arbres et des peuplements forestiers - Tables et Èquations, Presses agronomiques de Gembloux, Gembloux, Belgium.;  
tarif_1G_qsp;Dagnelie;V_C22;m^3;;Chêne;QUERCUS_SP;Wallonie;c130,hdom;c130_cm, hdom_m;TARIF_1G;VC22=a+b*c130+c*c130^2+d*c130^3+e*hdom+f*hdom*c130^2;0,28822*10^-1;-0,00047161;0,17362*10^-4;-1,2337E-08;-0,0027284;0,31330*10^-5;c130 [36-298]cm;;Dagnelie P., Rondeux J. & Palm R., 2013. Cubage des arbres et des peuplements forestiers - Tables et Èquations, Presses agronomiques de Gembloux, Gembloux, Belgium.;
tarif_2_qsp;Dagnelie;V_C22;m^3;;Chêne;QUERCUS_SP;Wallonie;c130,htot;c130_cm, htot_m;TARIF_2;VC22=a+b*c130+c*c130^2+d*c130^3+e*htot+f*htot*c130^2;-0,0022735;0,12400*10^-3;0,12642*10^-4;-5,9455E-08;-0,0016657;0,37474*10^-5;c130 [36-298]cm;;Dagnelie P., Rondeux J. & Palm R., 2013. Cubage des arbres et des peuplements forestiers - Tables et Èquations, Presses agronomiques de Gembloux, Gembloux, Belgium.;
tarif_B_qsp;Dagnelie;V_C22B;m^3;;Chêne;QUERCUS_SP;Wallonie;c130;c130_cm;TARIF_B;VC22B=a+b*c130+c*c130^2+d*c130^3;0,76071*10^-1;-0,0022424;0,12236^10-4;0,11797*10^-6;;;c130 [36-298]cm;;Dagnelie P., Rondeux J. & Palm R., 2013. Cubage des arbres et des peuplements forestiers - Tables et Èquations, Presses agronomiques de Gembloux, Gembloux, Belgium.;
C150toC130_qsp;Dagnelie;C130;cm;;Chêne;QUERCUS_SP;Wallonie;c150;c150_cm;C150toC130;C130=a*c150+b;;;;;;;c150 [35-295]cm;;Dagnelie P., Rondeux J. & Palm R., 2013. Cubage des arbres et des peuplements forestiers - Tables et Èquations, Presses agronomiques de Gembloux, Gembloux, Belgium.;
tarif_1_qrb;Dagnelie;V_C22;m^3;;Chne rouge;QUERCUS_RUBRA;Wallonie;c130 ;c130_cm;TARIF_1;VC22=a+b*c130+c*c130^2+d*c130^3;0,11189*10^-1;-0,0023212;0,10179*10^-3;-5,0084E-08;;;c130 [35-269]cm;;Dagnelie P., Rondeux J. & Palm R., 2013. Cubage des arbres et des peuplements forestiers - Tables et Èquations, Presses agronomiques de Gembloux, Gembloux, Belgium.;
tarif_1G_qrb;Dagnelie;V_C22;m^3;;Chne rouge;QUERCUS_RUBRA;Wallonie;c130,hdom;c130_cm, hdom_m;TARIF_1G;VC22=a+b*c130+c*c130^2+d*c130^3+e*hdom+f*hdom*c130^2;-0,0034603;0,63476*10^-3;-5,3464E-06;-2,9736E-08;-0,0013563;0,35175*10^-5;c130 [35-269]cm;;Dagnelie P., Rondeux J. & Palm R., 2013. Cubage des arbres et des peuplements forestiers - Tables et Èquations, Presses agronomiques de Gembloux, Gembloux, Belgium.;
tarif_2_qrb;Dagnelie;V_C22;m^3;;Chne rouge;QUERCUS_RUBRA;Wallonie;c130,htot;c130_cm, htot_m;TARIF_2;VC22=a+b*c130+c*c130^2+d*c130^3+e*htot+f*htot*c130^2;-0,02149;0,95069*10^-3;-4,3068E-06;-7,0329E-08;-0,00074299;0,37969*10^-5;c130 [35-269]cm;;Dagnelie P., Rondeux J. & Palm R., 2013. Cubage des arbres et des peuplements forestiers - Tables et Èquations, Presses agronomiques de Gembloux, Gembloux, Belgium.;
tarif_B_qrb;Dagnelie;V_C22B;m^3;;Chne rouge;QUERCUS_RUBRA;Wallonie;c130 ;c130_cm;TARIF_B;VC22B=a+b*c130+c*c130^2+d*c130^3;0,20549;-0,005751;0,39377*10^-4;0,73612*10^-7;;;c130 [35-269]cm;;Dagnelie P., Rondeux J. & Palm R., 2013. Cubage des arbres et des peuplements forestiers - Tables et Èquations, Presses agronomiques de Gembloux, Gembloux, Belgium.;
C150toC130_qrb;Dagnelie;C130;cm;;Chne rouge;QUERCUS_RUBRA;Wallonie;c150 ;c150_cm;C150toC130;C130=a*c150+b;;;;;;;c150 [35-265]cm;;Dagnelie P., Rondeux J. & Palm R., 2013. Cubage des arbres et des peuplements forestiers - Tables et Èquations, Presses agronomiques de Gembloux, Gembloux, Belgium.;
tarif_1_fsy;Dagnelie;V_C22;m^3;;Htre;FAGUS_SYLVATICA;Wallonie;c130;c130_cm;TARIF_1;VC22=a+b*c130+c*c130^2+d*c130^3;0,17340*10^-1;-0,003008;0,11589*10^-3;0,13782*10^-8;;;c130 [35-298]cm;;Dagnelie P., Rondeux J. & Palm R., 2013. Cubage des arbres et des peuplements forestiers - Tables et Èquations, Presses agronomiques de Gembloux, Gembloux, Belgium.;
tarif_1G_fsy;Dagnelie;V_C22;m^3;;Htre;FAGUS_SYLVATICA;Wallonie;c130,hdom;c130_cm, hdom_m;TARIF_1G;VC22=a+b*c130+c*c130^2+d*c130^3+e*hdom+f*hdom*c130^2;0,31293*10^-1;-0,00077641;0,17201*10^-4;-2,6417E-08;-0,0021702;0,30199*10^-5;c130 [35-298]cm;;Dagnelie P., Rondeux J. & Palm R., 2013. Cubage des arbres et des peuplements forestiers - Tables et Èquations, Presses agronomiques de Gembloux, Gembloux, Belgium.;
tarif_2_fsy;Dagnelie;V_C22;m^3;;Htre;FAGUS_SYLVATICA;Wallonie;c130,htot;c130_cm, htot_m;TARIF_2;VC22=a+b*c130+c*c130^2+d*c130^3+e*htot+f*htot*c130^2;-0,015572;0,92314*10^-3;-7,1407E-06;-7,7179E-08;-0,0013528;0,40364*10^-5;c130 [35-298]cm;;Dagnelie P., Rondeux J. & Palm R., 2013. Cubage des arbres et des peuplements forestiers - Tables et Èquations, Presses agronomiques de Gembloux, Gembloux, Belgium.;
tarif_B_fsy;Dagnelie;V_C22B;m^3;;Htre;FAGUS_SYLVATICA;Wallonie;c130 ;c130_cm;TARIF_B;VC22B=a+b*c130+c*c130^2+d*c130^3;0,81516*10^-1;-0,0017371;-2,3467E-06;0,21432*10^-6;;;c130 [35-298]cm;;Dagnelie P., Rondeux J. & Palm R., 2013. Cubage des arbres et des peuplements forestiers - Tables et Èquations, Presses agronomiques de Gembloux, Gembloux, Belgium.;
C150toC130_fsy;Dagnelie;C130;cm;;Htre;FAGUS_SYLVATICA;Wallonie;c150;c150_cm;C150toC130;C130=a*c150+b;;;;;;;c150 [35-295]cm;;Dagnelie P., Rondeux J. & Palm R., 2013. Cubage des arbres et des peuplements forestiers - Tables et Èquations, Presses agronomiques de Gembloux, Gembloux, Belgium.;
tarif_1_app;Dagnelie;V_C22;m^3;;érable sycomore;ACER_PSEUDOPLATANUS;Wallonie;c130;c130_cm;TARIF_1;VC22=a+b*c130+c*c130^2+d*c130^3;-0,019508;0,15072*10^-3;0,57816*10^-4;0,80950*10^-7;;;c130 [36-249]cm;;Dagnelie P., Rondeux J. & Palm R., 2013. Cubage des arbres et des peuplements forestiers - Tables et Èquations, Presses agronomiques de Gembloux, Gembloux, Belgium.;
tarif_1G_app;Dagnelie;V_C22;m^3;;érable sycomore;ACER_PSEUDOPLATANUS;Wallonie;c130,hdom;c130_cm, hdom_m;TARIF_1G;VC22=a+b*c130+c*c130^2+d*c130^3+e*hdom+f*hdom*c130^2;0,31554*10^-1;0,14656*10^-2;-1,1105E-06;0,61274*10^-7;-0,0047547;0,26630*10^-5;c130 [36-249]cm;;Dagnelie P., Rondeux J. & Palm R., 2013. Cubage des arbres et des peuplements forestiers - Tables et Èquations, Presses agronomiques de Gembloux, Gembloux, Belgium.;
tarif_2_app;Dagnelie;V_C22;m^3;;érable sycomore;ACER_PSEUDOPLATANUS;Wallonie;c130,htot;c130_cm, htot_m;TARIF_2;VC22=a+b*c130+c*c130^2+d*c130^3+e*htot+f*htot*c130^2;0,10343*10^-1;-0,0014341;0,34521*10^-4;-1,3053E-07;0,77115*10^-3;0,30231*10^-5;c130 [36-249]cm;;Dagnelie P., Rondeux J. & Palm R., 2013. Cubage des arbres et des peuplements forestiers - Tables et Èquations, Presses agronomiques de Gembloux, Gembloux, Belgium.;
tarif_B_app;Dagnelie;V_C22B;m^3;;érable sycomore;ACER_PSEUDOPLATANUS;Wallonie;c130 ;c130_cm;TARIF_B;VC22B=a+b*c130+c*c130^2+d*c130^3;-0,11209;0,49981*10^-2;-0,000074575;0,41686*10^-6;;;c130 [36-249]cm;;Dagnelie P., Rondeux J. & Palm R., 2013. Cubage des arbres et des peuplements forestiers - Tables et Èquations, Presses agronomiques de Gembloux, Gembloux, Belgium.;
C150toC130_app;Dagnelie;C130;cm;;érable sycomore;ACER_PSEUDOPLATANUS;Wallonie;c150;c150_cm;C150toC130;C130=a*c150+b;;;;;;;c150 [35-245]cm;;Dagnelie P., Rondeux J. & Palm R., 2013. Cubage des arbres et des peuplements forestiers - Tables et Èquations, Presses agronomiques de Gembloux, Gembloux, Belgium.;
tarif_1_fex;Dagnelie;V_C22;m^3;;Frne;FRAXINUS_EXCELSIOR;Wallonie;c130;c130_cm;TARIF_1;VC22=a+b*c130+c*c130^2+d*c130^3;-0,040364;0,17945*10^-3;0,76857*10^-4;0,73601*10^-7;;;c130 [35-249]cm;;Dagnelie P., Rondeux J. & Palm R., 2013. Cubage des arbres et des peuplements forestiers - Tables et Èquations, Presses agronomiques de Gembloux, Gembloux, Belgium.;
tarif_1G_fex;Dagnelie;V_C22;m^3;;Frne;FRAXINUS_EXCELSIOR;Wallonie;c130,hdom;c130_cm, hdom_m;TARIF_1G;VC22=a+b*c130+c*c130^2+d*c130^3+e*hdom+f*hdom*c130^2;-0,036774;0,10185*10^-2;0,24168*10^-5;0,87172*10^-7;-0,0011644;0,26033*10^-5;c130 [35-249]cm;;Dagnelie P., Rondeux J. & Palm R., 2013. Cubage des arbres et des peuplements forestiers - Tables et Èquations, Presses agronomiques de Gembloux, Gembloux, Belgium.;
tarif_2_fex;Dagnelie;V_C22;m^3;;Frne;FRAXINUS_EXCELSIOR;Wallonie;c130,htot;c130_cm, htot_m;TARIF_2;VC22=a+b*c130+c*c130^2+d*c130^3+e*htot+f*htot*c130^2;-0,039083;0,19935*10^-2;-0,000016148;-6,4188E-09;-0,00098341;0,38373*10^-5;c130 [35-249]cm;;Dagnelie P., Rondeux J. & Palm R., 2013. Cubage des arbres et des peuplements forestiers - Tables et Èquations, Presses agronomiques de Gembloux, Gembloux, Belgium.;
tarif_B_fex;Dagnelie;V_C22B;m^3;;Frne;FRAXINUS_EXCELSIOR;Wallonie;c130 ;c130_cm;TARIF_B;VC22B=a+b*c130+c*c130^2+d*c130^3;-0,044839;0,23434*10^-2;-0,000041648;0,32579*10^-6;;;c130 [35-249]cm;;Dagnelie P., Rondeux J. & Palm R., 2013. Cubage des arbres et des peuplements forestiers - Tables et Èquations, Presses agronomiques de Gembloux, Gembloux, Belgium.;
C150toC130_fex;Dagnelie;C130;cm;;Frne;FRAXINUS_EXCELSIOR;Wallonie;c150;c150_cm;C150toC130;C130=a*c150+b;;;;;;;c150 [35-245]cm;;Dagnelie P., Rondeux J. & Palm R., 2013. Cubage des arbres et des peuplements forestiers - Tables et Èquations, Presses agronomiques de Gembloux, Gembloux, Belgium.;
tarif_1_ulm;Dagnelie;V_C22;m^3;;Orme;ULMUS_SP;Wallonie;c130;c130_cm;TARIF_1;VC22=a+b*c130+c*c130^2+d*c130^3;-0,0060582;-0,00126;0,86604*10^-4;0,15419*10^-7;;;c130 [35-298]cm;;Dagnelie P., Rondeux J. & Palm R., 2013. Cubage des arbres et des peuplements forestiers - Tables et Èquations, Presses agronomiques de Gembloux, Gembloux, Belgium.;
tarif_1G_ulm;Dagnelie;V_C22;m^3;;Orme;ULMUS_SP;Wallonie;c130,hdom;c130_cm, hdom_m;TARIF_1G;VC22=a+b*c130+c*c130^2+d*c130^3+e*hdom+f*hdom*c130^2;-0,12683;0,11719*10^-2;0,97902*10^-5;0,49812*10^-7;0,21198*10^-2;0,22260*10^-5;c130 [35-298]cm;;Dagnelie P., Rondeux J. & Palm R., 2013. Cubage des arbres et des peuplements forestiers - Tables et Èquations, Presses agronomiques de Gembloux, Gembloux, Belgium.;
tarif_2_ulm;Dagnelie;V_C22;m^3;;Orme;ULMUS_SP;Wallonie;c130,htot;c130_cm, htot_m;TARIF_2;VC22=a+b*c130+c*c130^2+d*c130^3+e*htot+f*htot*c130^2;-0,034716;0,13586*10^-2;-0,000013402;-5,698E-08;0,16516*10^-3;0,38818*10^-5;c130 [35-298]cm;;Dagnelie P., Rondeux J. & Palm R., 2013. Cubage des arbres et des peuplements forestiers - Tables et Èquations, Presses agronomiques de Gembloux, Gembloux, Belgium.;
tarif_B_ulm;Dagnelie;V_C22B;m^3;;Orme;ULMUS_SP;Wallonie;c130 ;c130_cm;TARIF_B;VC22B=a+b*c130+c*c130^2+d*c130^3;0,12953;-0,0049679;0,50852*10^-4;-4,2375E-08;;;c130 [35-298]cm;;Dagnelie P., Rondeux J. & Palm R., 2013. Cubage des arbres et des peuplements forestiers - Tables et Èquations, Presses agronomiques de Gembloux, Gembloux, Belgium.;
C150toC130_ulm;Dagnelie;C130;cm;;Orme;ULMUS_SP;Wallonie;c150;c150_cm;C150toC130;C130=a*c150+b;;;;;;;c150 [35-295]cm;;Dagnelie P., Rondeux J. & Palm R., 2013. Cubage des arbres et des peuplements forestiers - Tables et Èquations, Presses agronomiques de Gembloux, Gembloux, Belgium.;
;;;;;;;;;;;;;;;;;;;;;
